"","Year","Drug","DDD/TID","DDD/TID - lower","DDD/TID - upper","Area"
"1",2008,"Gabapentin",0.217336145024579,0.15334413425783,0.308032649326674,"Multinational"
"2",2009,"Gabapentin",0.236967031543346,0.166037841161367,0.338196242770294,"Multinational"
"3",2010,"Gabapentin",0.260277192854677,0.179540352083746,0.377320286688042,"Multinational"
"4",2011,"Gabapentin",0.230300976752219,0.162086865182332,0.327222935882945,"Multinational"
"5",2012,"Gabapentin",0.252644142052757,0.179059565847412,0.356468319419285,"Multinational"
"6",2013,"Gabapentin",0.278176715226481,0.195433694150568,0.39595160512382,"Multinational"
"7",2014,"Gabapentin",0.282477506156382,0.197775987168213,0.403454143381233,"Multinational"
"8",2015,"Gabapentin",0.318476899167169,0.219364847510882,0.46236913732545,"Multinational"
"9",2016,"Gabapentin",0.340983382557923,0.232426486933176,0.500242759398034,"Multinational"
"10",2017,"Gabapentin",0.367135193832416,0.248013023325282,0.543472470691928,"Multinational"
"11",2018,"Gabapentin",0.386603230283216,0.26027097128363,0.574255580360292,"Multinational"
"12",2008,"Gabapentin Enacarbil",0,0,0,"Multinational"
"13",2009,"Gabapentin Enacarbil",0,0,0,"Multinational"
"14",2010,"Gabapentin Enacarbil",0,0,0,"Multinational"
"15",2011,"Gabapentin Enacarbil",0.00375559917515846,0.00374435686792398,0.00376687523704732,"Multinational"
"16",2012,"Gabapentin Enacarbil",0.00195145331636815,0.0012814281704959,0.00297181701920175,"Multinational"
"17",2013,"Gabapentin Enacarbil",0.00335657096396544,0.00187293151336976,0.00601547283267457,"Multinational"
"18",2014,"Gabapentin Enacarbil",0.0271862920345578,0.0173837089751809,0.0425165006871365,"Multinational"
"19",2015,"Gabapentin Enacarbil",0.0121601882572361,0.0108347413217543,0.0136477811569459,"Multinational"
"20",2016,"Gabapentin Enacarbil",0.0444677461943283,0.0380405046344717,0.0519809206161616,"Multinational"
"21",2017,"Gabapentin Enacarbil",0.0470093365396336,0.0401917741372139,0.0549833335137696,"Multinational"
"22",2018,"Gabapentin Enacarbil",0.0456240447205057,0.042640812374494,0.0488159896762147,"Multinational"
"23",2008,"Pregabalin",0.204665793536557,0.151735011767324,0.276060788845367,"Multinational"
"24",2009,"Pregabalin",0.293635990774618,0.218905870278553,0.393877491583372,"Multinational"
"25",2010,"Pregabalin",0.369000360011802,0.275282336615601,0.494624055298442,"Multinational"
"26",2011,"Pregabalin",0.343156574036109,0.262557659075509,0.448497426122824,"Multinational"
"27",2012,"Pregabalin",0.41049962989207,0.31669648048308,0.5320865766632,"Multinational"
"28",2013,"Pregabalin",0.512247008473232,0.398667301533844,0.658185400910037,"Multinational"
"29",2014,"Pregabalin",0.604846061093935,0.4718187753734,0.775379821058034,"Multinational"
"30",2015,"Pregabalin",0.694099549795628,0.539351686614195,0.893246831303807,"Multinational"
"31",2016,"Pregabalin",0.812520096765443,0.627849165777901,1.05150877572602,"Multinational"
"32",2017,"Pregabalin",0.968117766150952,0.751995611167979,1.24635303081277,"Multinational"
"33",2018,"Pregabalin",1.10955827011323,0.866602637373322,1.4206275190994,"Multinational"
"34",2008,"Gabapentinoids",0.447188347689909,0.323184222843325,0.61877221774708,"Multinational"
"35",2009,"Gabapentinoids",0.578208923319622,0.418457714848571,0.798947055205855,"Multinational"
"36",2010,"Gabapentinoids",0.704974555554868,0.508381423125202,0.977591039665876,"Multinational"
"37",2011,"Gabapentinoids",0.659972323067776,0.487046573231165,0.894295312100979,"Multinational"
"38",2012,"Gabapentinoids",0.783011113058232,0.583819883174393,1.05016362210732,"Multinational"
"39",2013,"Gabapentinoids",0.948221801493962,0.708391525317061,1.26924808202078,"Multinational"
"40",2014,"Gabapentinoids",1.1000010704249,0.824820630120478,1.4669884708863,"Multinational"
"41",2015,"Gabapentinoids",1.25272113843661,0.932619500528237,1.68269079704752,"Multinational"
"42",2016,"Gabapentinoids",1.39568372683358,1.03676872085987,1.87885014869326,"Multinational"
"43",2017,"Gabapentinoids",1.60481056047388,1.19590832386404,2.15352371383049,"Multinational"
"44",2018,"Gabapentinoids",1.77300399668109,1.33061315139084,2.3624771549577,"Multinational"
"Year1",2008,"Gabapentin",2.96790160540442,1.86677949999775,4.71852189258172,"Northern America"
"Year110",2008,"Gabapentin",0.111758877217161,0.0353382297893108,0.353442906204046,"Central and South America and the Caribbean"
"Year112",2008,"Gabapentin",0.546606868927414,0.401355121409006,0.744425704871363,"Northern Europe"
"Year114",2008,"Gabapentin",0.0837651090711552,0.0348112845658521,0.20156088995881,"Eastern Europe"
"Year116",2008,"Gabapentin",0.703016901504602,0.400787741413634,1.23315339450729,"Southern Europe"
"Year118",2008,"Gabapentin",0.835271833818533,0.668108273270975,1.04426043544533,"Western Europe"
"Year120",2008,"Gabapentin",0.654176173666831,0.317028885854987,1.34986584909845,"Australia and New Zealand"
"Year127",2008,"Gabapentin",0.181426666132596,0.0152066534418979,2.16455483185395,"Eastern Asia"
"Year129",2008,"Gabapentin",0,0,0,"Central Asia"
"Year130",2008,"Gabapentin",0.0252882787221959,0.0252342453286751,0.025342427815932,"South-eastern Asia"
"Year140",2008,"Gabapentin",0.0416333913583616,0.024803051267346,0.0698841145516841,"Southern Asia"
"Year150",2008,"Gabapentin",0.13751123621762,0.0374488665813887,0.504937580554056,"Western Asia"
"Year160",2008,"Gabapentin",0.0330517996445811,0.0123708906328661,0.0883058053106758,"Northern Africa"
"Year170",2008,"Gabapentin",0.0515260953485158,0.0514218630278414,0.0516305389485183,"Southern Africa"
"Year2",2009,"Gabapentin",3.27196278373972,1.92163442643862,5.57116395859893,"Northern America"
"Year210",2009,"Gabapentin",0.112920881798899,0.0326771286065431,0.390215606143791,"Central and South America and the Caribbean"
"Year212",2009,"Gabapentin",0.614996240325541,0.430877404781625,0.877791156874979,"Northern Europe"
"Year214",2009,"Gabapentin",0.119836075500666,0.0520006442557001,0.276163597527492,"Eastern Europe"
"Year216",2009,"Gabapentin",0.664395385972909,0.359601632114459,1.22752843558171,"Southern Europe"
"Year218",2009,"Gabapentin",0.84051849006946,0.66937652345547,1.05541695502209,"Western Europe"
"Year220",2009,"Gabapentin",0.730347176068541,0.309432202437541,1.72382510090869,"Australia and New Zealand"
"Year227",2009,"Gabapentin",0.221806371504248,0.0261943618162795,1.87819297850976,"Eastern Asia"
"Year229",2009,"Gabapentin",0,0,0,"Central Asia"
"Year230",2009,"Gabapentin",0.0256884815100913,0.0256344687216904,0.0257426081054659,"South-eastern Asia"
"Year240",2009,"Gabapentin",0.0399683605538069,0.0296035405068666,0.0539621213546593,"Southern Asia"
"Year250",2009,"Gabapentin",0.154954977402612,0.0408860531727802,0.587267372577537,"Western Asia"
"Year260",2009,"Gabapentin",0.0327601030889749,0.0129079559087659,0.0831444081453225,"Northern Africa"
"Year270",2009,"Gabapentin",0.0455972423351124,0.0454998752872928,0.045694817742668,"Southern Africa"
"Year3",2010,"Gabapentin",3.74455242009955,1.90459832010975,7.36201049786992,"Northern America"
"Year310",2010,"Gabapentin",0.110931066243746,0.0309349935970889,0.397792274284885,"Central and South America and the Caribbean"
"Year312",2010,"Gabapentin",0.741106534475039,0.497771269031483,1.10339613716609,"Northern Europe"
"Year314",2010,"Gabapentin",0.152380305571229,0.0678008072068493,0.342470222443538,"Eastern Europe"
"Year316",2010,"Gabapentin",0.655554871470588,0.356394964821494,1.20583126005741,"Southern Europe"
"Year318",2010,"Gabapentin",0.874400198028099,0.691402439468064,1.10583310481203,"Western Europe"
"Year320",2010,"Gabapentin",0.83646652330308,0.325546496908563,2.14923598088436,"Australia and New Zealand"
"Year327",2010,"Gabapentin",0.248274740107211,0.0348515837151052,1.76865266953671,"Eastern Asia"
"Year329",2010,"Gabapentin",0,0,0,"Central Asia"
"Year330",2010,"Gabapentin",0.027862962921882,0.0278071743965827,0.0279188633736758,"South-eastern Asia"
"Year340",2010,"Gabapentin",0.0407791790594101,0.0342775640046784,0.0485139913831817,"Southern Asia"
"Year350",2010,"Gabapentin",0.173104300329286,0.0433915201260893,0.690574994962555,"Western Asia"
"Year360",2010,"Gabapentin",0.0374577954884551,0.0133176951861093,0.105355050047877,"Northern Africa"
"Year370",2010,"Gabapentin",0.0456052882794154,0.0455086178591527,0.0457021640491393,"Southern Africa"
"Year4",2011,"Gabapentin",3.93414809187276,2.09206030328447,7.39821944161307,"Northern America"
"Year45",2011,"Gabapentin",0.118855429762659,0.0299160281131209,0.472208848402256,"Central and South America and the Caribbean"
"Year46",2011,"Gabapentin",0.834927766861858,0.552133568949384,1.26256473991139,"Northern Europe"
"Year47",2011,"Gabapentin",0.187454501369018,0.0862508338253469,0.407406960895731,"Eastern Europe"
"Year48",2011,"Gabapentin",0.34418347289037,0.194710465704068,0.608402134844263,"Southern Europe"
"Year49",2011,"Gabapentin",0.847957288338835,0.648888466684089,1.10809730757167,"Western Europe"
"Year410",2011,"Gabapentin",0.917149845897791,0.321550337445792,2.61596316928807,"Australia and New Zealand"
"Year417",2011,"Gabapentin",0.019168891815527,0.00267344584512307,0.137442998557715,"Eastern Asia"
"Year419",2011,"Gabapentin",0.0188585273926454,0.0187491744625537,0.0189685181141953,"Central Asia"
"Year420",2011,"Gabapentin",0.0269199033460968,0.0268655294513651,0.0269743872896714,"South-eastern Asia"
"Year430",2011,"Gabapentin",0.0447419629335883,0.0414166297346709,0.0483342864925292,"Southern Asia"
"Year440",2011,"Gabapentin",0.191723719756401,0.0457209381240699,0.803963921682516,"Western Asia"
"Year450",2011,"Gabapentin",0.0462834129302516,0.0161344195849779,0.132769220559174,"Northern Africa"
"Year451",2011,"Gabapentin",0.050251987852869,0.0501512767706938,0.0503529011775937,"Southern Africa"
"Year5",2012,"Gabapentin",4.10182783791262,2.44335978465199,6.88600660351431,"Northern America"
"Year51",2012,"Gabapentin",0.125038691088972,0.0307338603741653,0.508711697095686,"Central and South America and the Caribbean"
"Year52",2012,"Gabapentin",0.966278924371528,0.619980956279529,1.50600587038616,"Northern Europe"
"Year53",2012,"Gabapentin",0.212453645440791,0.0962904948890457,0.468753966973494,"Eastern Europe"
"Year54",2012,"Gabapentin",0.37833672924465,0.212793729379551,0.672663997726315,"Southern Europe"
"Year55",2012,"Gabapentin",0.880152456992192,0.669759672707342,1.15663629674504,"Western Europe"
"Year56",2012,"Gabapentin",1.04883068951055,0.349687934495613,3.14579288200458,"Australia and New Zealand"
"Year57",2012,"Gabapentin",0.0332655442424821,0.00252788342192107,0.437756118083791,"Eastern Asia"
"Year58",2012,"Gabapentin",0.0218338050010723,0.0217170351355818,0.0219512027239752,"Central Asia"
"Year59",2012,"Gabapentin",0.0258515267784763,0.0257986954943229,0.0259044662519987,"South-eastern Asia"
"Year510",2012,"Gabapentin",0.0470871182567228,0.0468055199552863,0.0473704107515675,"Southern Asia"
"Year511",2012,"Gabapentin",0.166587450018212,0.0334434137348861,0.829801010254578,"Western Asia"
"Year512",2012,"Gabapentin",0.0568725022645473,0.0237747829454488,0.13604673158331,"Northern Africa"
"Year513",2012,"Gabapentin",0.0532056875390639,0.0531028713846373,0.053308702762982,"Southern Africa"
"Year6",2013,"Gabapentin",4.67569685584954,2.66116375826375,8.21525583305892,"Northern America"
"Year61",2013,"Gabapentin",0.12359868278073,0.0316011233800676,0.483420611394065,"Central and South America and the Caribbean"
"Year62",2013,"Gabapentin",1.14167172205004,0.722777898322766,1.8033400356504,"Northern Europe"
"Year63",2013,"Gabapentin",0.271190878198049,0.125827242825566,0.584487832414665,"Eastern Europe"
"Year64",2013,"Gabapentin",0.4015822180658,0.226454653320128,0.712143802312028,"Southern Europe"
"Year65",2013,"Gabapentin",0.930436911731099,0.709066864503686,1.22091849168225,"Western Europe"
"Year66",2013,"Gabapentin",1.07461936240407,0.292733056813779,3.94491413652801,"Australia and New Zealand"
"Year67",2013,"Gabapentin",0.0373988030681771,0.00227782243056624,0.614038413250939,"Eastern Asia"
"Year68",2013,"Gabapentin",0.0198110899281599,0.019700773073286,0.0199220245155677,"Central Asia"
"Year69",2013,"Gabapentin",0.0320336232268545,0.0319753022003305,0.0320920506274204,"South-eastern Asia"
"Year610",2013,"Gabapentin",0.0482409535659645,0.0420158274149041,0.0553884034693084,"Southern Asia"
"Year611",2013,"Gabapentin",0.18074076012173,0.034984746524646,0.933756154167567,"Western Asia"
"Year612",2013,"Gabapentin",0.0681349910260744,0.0316212715949937,0.146811837979919,"Northern Africa"
"Year613",2013,"Gabapentin",0.0572342429877426,0.0571284529689919,0.0573402289076159,"Southern Africa"
"Year7",2014,"Gabapentin",5.04191490471198,2.75454792688888,9.22870343195244,"Northern America"
"Year71",2014,"Gabapentin",0.124932133666016,0.0302103312202493,0.516645709990814,"Central and South America and the Caribbean"
"Year72",2014,"Gabapentin",1.29986689215302,0.815889419076072,2.07093497943503,"Northern Europe"
"Year73",2014,"Gabapentin",0.331749775501225,0.155185597404009,0.709201854980065,"Eastern Europe"
"Year74",2014,"Gabapentin",0.409818624889646,0.232087515898612,0.723655060273944,"Southern Europe"
"Year75",2014,"Gabapentin",0.976372789248888,0.752502889010488,1.26684407130876,"Western Europe"
"Year76",2014,"Gabapentin",1.08734328428649,0.234155871942175,5.04926657647474,"Australia and New Zealand"
"Year77",2014,"Gabapentin",0.0438613004429931,0.0021319153284381,0.902387468624255,"Eastern Asia"
"Year78",2014,"Gabapentin",0.0265406323965438,0.0264139205499946,0.0266679521003032,"Central Asia"
"Year79",2014,"Gabapentin",0.0261512020722731,0.0260989439640318,0.0262035648173104,"South-eastern Asia"
"Year710",2014,"Gabapentin",0.0519068638825652,0.0347284164673342,0.0775826482228884,"Southern Asia"
"Year711",2014,"Gabapentin",0.210597893914821,0.041875452421953,1.05912820891953,"Western Asia"
"Year712",2014,"Gabapentin",0.0346399826914254,0.0145193643893638,0.0826433147267287,"Northern Africa"
"Year713",2014,"Gabapentin",0.0581419383943862,0.0580361522958853,0.0582479173157776,"Southern Africa"
"Year8",2015,"Gabapentin",5.66787942540444,2.84818883782802,11.2790474965209,"Northern America"
"Year81",2015,"Gabapentin",0.130512466267105,0.0258541967240644,0.658829358843232,"Central and South America and the Caribbean"
"Year82",2015,"Gabapentin",1.50735549142665,0.956816998900802,2.37466577218454,"Northern Europe"
"Year83",2015,"Gabapentin",0.394471189404301,0.185744467852469,0.837750491678911,"Eastern Europe"
"Year84",2015,"Gabapentin",0.436532675033639,0.245830543947594,0.775171275757533,"Southern Europe"
"Year85",2015,"Gabapentin",1.00181852011923,0.781793528502379,1.2837665069657,"Western Europe"
"Year86",2015,"Gabapentin",1.2069234362662,0.234126361085098,6.22170085528796,"Australia and New Zealand"
"Year87",2015,"Gabapentin",0.0479806817855977,0.00197808288499508,1.16382677494149,"Eastern Asia"
"Year88",2015,"Gabapentin",0.0248503599441867,0.0247287002206263,0.0249726182066191,"Central Asia"
"Year89",2015,"Gabapentin",0.0263664368377965,0.026314376234215,0.0264186004385542,"South-eastern Asia"
"Year810",2015,"Gabapentin",0.0545633561593125,0.0293783909543396,0.101338423877439,"Southern Asia"
"Year811",2015,"Gabapentin",0.243520614321006,0.0564716224937595,1.05012547861244,"Western Asia"
"Year812",2015,"Gabapentin",0.0614401911780716,0.0279089377448537,0.135257641351615,"Northern Africa"
"Year813",2015,"Gabapentin",0.0551174045904049,0.0550151945831525,0.0552198044885713,"Southern Africa"
"Year9",2016,"Gabapentin",6.29798055346218,3.12120311832443,12.7080992643251,"Northern America"
"Year91",2016,"Gabapentin",0.109799257751809,0.0179055708642848,0.673303135332888,"Central and South America and the Caribbean"
"Year92",2016,"Gabapentin",1.70051727981575,1.09087494377772,2.65086207676356,"Northern Europe"
"Year93",2016,"Gabapentin",0.458178232942323,0.220002332744811,0.95420485102607,"Eastern Europe"
"Year94",2016,"Gabapentin",0.446519650738706,0.24681838051924,0.807799638245634,"Southern Europe"
"Year95",2016,"Gabapentin",0.985678298617803,0.771093098517187,1.25997977447133,"Western Europe"
"Year96",2016,"Gabapentin",1.30737664420493,0.215500528699089,7.93145938031182,"Australia and New Zealand"
"Year97",2016,"Gabapentin",0.0505520862529599,0.00183049543493281,1.39607746392468,"Eastern Asia"
"Year98",2016,"Gabapentin",0.0248525314481358,0.0247317507271511,0.0249739020174787,"Central Asia"
"Year99",2016,"Gabapentin",0.0263584643324754,0.0263068019957088,0.0264102281257793,"South-eastern Asia"
"Year910",2016,"Gabapentin",0.0563600699300806,0.0239774335901157,0.132476958828197,"Southern Asia"
"Year911",2016,"Gabapentin",0.327990043240369,0.109142655455071,0.985659255002305,"Western Asia"
"Year912",2016,"Gabapentin",0.0843986165899094,0.0467088952657171,0.152500427204894,"Northern Africa"
"Year913",2016,"Gabapentin",0.0641593288779157,0.0640498539128586,0.0642689909592149,"Southern Africa"
"Year10",2017,"Gabapentin",6.82664227217633,3.20494910818736,14.5409624736982,"Northern America"
"Year101",2017,"Gabapentin",0.114655405727045,0.0178078757300355,0.738204952781699,"Central and South America and the Caribbean"
"Year102",2017,"Gabapentin",1.94668164113536,1.28667221485181,2.94524850089339,"Northern Europe"
"Year103",2017,"Gabapentin",0.533781893760683,0.265526217552356,1.07305076211753,"Eastern Europe"
"Year104",2017,"Gabapentin",0.456162880723342,0.249925516797437,0.832586349790242,"Southern Europe"
"Year105",2017,"Gabapentin",0.973559494934623,0.76434832896237,1.24003422819548,"Western Europe"
"Year106",2017,"Gabapentin",1.43232389700156,0.22506983363576,9.11517866602172,"Australia and New Zealand"
"Year107",2017,"Gabapentin",0.0543528553868777,0.0017857585699284,1.65432939169671,"Eastern Asia"
"Year108",2017,"Gabapentin",0.021968044594857,0.0218552895235304,0.0220813813883382,"Central Asia"
"Year109",2017,"Gabapentin",0.0235028473485171,0.0234544173976397,0.023551377300179,"South-eastern Asia"
"Year1010",2017,"Gabapentin",0.0554247843049478,0.0178112823141769,0.172469711111417,"Southern Asia"
"Year1011",2017,"Gabapentin",0.408422699157015,0.162282673528518,1.02789224234334,"Western Asia"
"Year1012",2017,"Gabapentin",0.0889125079582678,0.0559907824167236,0.141191705673822,"Northern Africa"
"Year1013",2017,"Gabapentin",0.0655168009634044,0.0654069532995479,0.0656268331108463,"Southern Africa"
"Year11",2018,"Gabapentin",6.96191573145728,3.27222313479214,14.8120310429231,"Northern America"
"Year111",2018,"Gabapentin",0.106124143896682,0.0173034009579308,0.650874007091754,"Central and South America and the Caribbean"
"Year113",2018,"Gabapentin",2.16400859022143,1.49892532849291,3.12419377372227,"Northern Europe"
"Year115",2018,"Gabapentin",0.592654431321422,0.308144292062219,1.13985325710332,"Eastern Europe"
"Year117",2018,"Gabapentin",0.473572250782863,0.25843317014132,0.867809177083992,"Southern Europe"
"Year119",2018,"Gabapentin",0.978442737545756,0.771338010097997,1.24115521097476,"Western Europe"
"Year1110",2018,"Gabapentin",1.54477294793325,0.248233080909279,9.61323709122596,"Australia and New Zealand"
"Year1111",2018,"Gabapentin",0.0580002028879794,0.00190636011593466,1.76463172247886,"Eastern Asia"
"Year1112",2018,"Gabapentin",0.0242853351870574,0.0241675434301325,0.0244037010568638,"Central Asia"
"Year1113",2018,"Gabapentin",0.0289919591131593,0.0289385385377348,0.0290454783030276,"South-eastern Asia"
"Year1114",2018,"Gabapentin",0.0604034901072287,0.0182590774027651,0.199822890097478,"Southern Asia"
"Year1115",2018,"Gabapentin",0.506367746547904,0.235938013520051,1.08676126800657,"Western Asia"
"Year1116",2018,"Gabapentin",0.0854702189005276,0.0476876159568237,0.153187744288123,"Northern Africa"
"Year1117",2018,"Gabapentin",0.0662224017884728,0.0661127135399874,0.0663322720218021,"Southern Africa"
"Year12",2008,"Gabapentin Enacarbil",0,0,0,"Northern America"
"Year121",2008,"Gabapentin Enacarbil",0,0,0,"Central and South America and the Caribbean"
"Year122",2008,"Gabapentin Enacarbil",0,0,0,"Northern Europe"
"Year123",2008,"Gabapentin Enacarbil",0,0,0,"Eastern Europe"
"Year124",2008,"Gabapentin Enacarbil",0,0,0,"Southern Europe"
"Year125",2008,"Gabapentin Enacarbil",0,0,0,"Western Europe"
"Year126",2008,"Gabapentin Enacarbil",0,0,0,"Australia and New Zealand"
"Year128",2008,"Gabapentin Enacarbil",0,0,0,"Eastern Asia"
"Year1210",2008,"Gabapentin Enacarbil",0,0,0,"Central Asia"
"Year1211",2008,"Gabapentin Enacarbil",0,0,0,"South-eastern Asia"
"Year1212",2008,"Gabapentin Enacarbil",0,0,0,"Southern Asia"
"Year1213",2008,"Gabapentin Enacarbil",0,0,0,"Western Asia"
"Year1214",2008,"Gabapentin Enacarbil",0,0,0,"Northern Africa"
"Year1215",2008,"Gabapentin Enacarbil",0,0,0,"Southern Africa"
"Year13",2009,"Gabapentin Enacarbil",0,0,0,"Northern America"
"Year131",2009,"Gabapentin Enacarbil",0,0,0,"Central and South America and the Caribbean"
"Year132",2009,"Gabapentin Enacarbil",0,0,0,"Northern Europe"
"Year133",2009,"Gabapentin Enacarbil",0,0,0,"Eastern Europe"
"Year134",2009,"Gabapentin Enacarbil",0,0,0,"Southern Europe"
"Year135",2009,"Gabapentin Enacarbil",0,0,0,"Western Europe"
"Year136",2009,"Gabapentin Enacarbil",0,0,0,"Australia and New Zealand"
"Year137",2009,"Gabapentin Enacarbil",0,0,0,"Eastern Asia"
"Year138",2009,"Gabapentin Enacarbil",0,0,0,"Central Asia"
"Year139",2009,"Gabapentin Enacarbil",0,0,0,"South-eastern Asia"
"Year1310",2009,"Gabapentin Enacarbil",0,0,0,"Southern Asia"
"Year1311",2009,"Gabapentin Enacarbil",0,0,0,"Western Asia"
"Year1312",2009,"Gabapentin Enacarbil",0,0,0,"Northern Africa"
"Year1313",2009,"Gabapentin Enacarbil",0,0,0,"Southern Africa"
"Year14",2010,"Gabapentin Enacarbil",0,0,0,"Northern America"
"Year141",2010,"Gabapentin Enacarbil",0,0,0,"Central and South America and the Caribbean"
"Year142",2010,"Gabapentin Enacarbil",0,0,0,"Northern Europe"
"Year143",2010,"Gabapentin Enacarbil",0,0,0,"Eastern Europe"
"Year144",2010,"Gabapentin Enacarbil",0,0,0,"Southern Europe"
"Year145",2010,"Gabapentin Enacarbil",0,0,0,"Western Europe"
"Year146",2010,"Gabapentin Enacarbil",0,0,0,"Australia and New Zealand"
"Year147",2010,"Gabapentin Enacarbil",0,0,0,"Eastern Asia"
"Year148",2010,"Gabapentin Enacarbil",0,0,0,"Central Asia"
"Year149",2010,"Gabapentin Enacarbil",0,0,0,"South-eastern Asia"
"Year1410",2010,"Gabapentin Enacarbil",0,0,0,"Southern Asia"
"Year1411",2010,"Gabapentin Enacarbil",0,0,0,"Western Asia"
"Year1412",2010,"Gabapentin Enacarbil",0,0,0,"Northern Africa"
"Year1413",2010,"Gabapentin Enacarbil",0,0,0,"Southern Africa"
"Year15",2011,"Gabapentin Enacarbil",0.00375559917515846,0.00374435686792398,0.00376687523704732,"Northern America"
"Year151",2011,"Gabapentin Enacarbil",0,0,0,"Central and South America and the Caribbean"
"Year152",2011,"Gabapentin Enacarbil",0,0,0,"Northern Europe"
"Year153",2011,"Gabapentin Enacarbil",0,0,0,"Eastern Europe"
"Year154",2011,"Gabapentin Enacarbil",0,0,0,"Southern Europe"
"Year155",2011,"Gabapentin Enacarbil",0,0,0,"Western Europe"
"Year156",2011,"Gabapentin Enacarbil",0,0,0,"Australia and New Zealand"
"Year157",2011,"Gabapentin Enacarbil",0,0,0,"Eastern Asia"
"Year158",2011,"Gabapentin Enacarbil",0,0,0,"Central Asia"
"Year159",2011,"Gabapentin Enacarbil",0,0,0,"South-eastern Asia"
"Year1510",2011,"Gabapentin Enacarbil",0,0,0,"Southern Asia"
"Year1511",2011,"Gabapentin Enacarbil",0,0,0,"Western Asia"
"Year1512",2011,"Gabapentin Enacarbil",0,0,0,"Northern Africa"
"Year1513",2011,"Gabapentin Enacarbil",0,0,0,"Southern Africa"
"Year16",2012,"Gabapentin Enacarbil",0.0127609390214039,0.0127402829478154,0.0127816285850944,"Northern America"
"Year161",2012,"Gabapentin Enacarbil",0.0000522554136158529,0.0000409723588626926,0.0000666456198266446,"Central and South America and the Caribbean"
"Year162",2012,"Gabapentin Enacarbil",0,0,0,"Northern Europe"
"Year163",2012,"Gabapentin Enacarbil",0,0,0,"Eastern Europe"
"Year164",2012,"Gabapentin Enacarbil",0,0,0,"Southern Europe"
"Year165",2012,"Gabapentin Enacarbil",0,0,0,"Western Europe"
"Year166",2012,"Gabapentin Enacarbil",0,0,0,"Australia and New Zealand"
"Year167",2012,"Gabapentin Enacarbil",0.00766159053371545,0.00763658236625883,0.00768668059755052,"Eastern Asia"
"Year168",2012,"Gabapentin Enacarbil",0,0,0,"Central Asia"
"Year169",2012,"Gabapentin Enacarbil",0,0,0,"South-eastern Asia"
"Year1610",2012,"Gabapentin Enacarbil",0,0,0,"Southern Asia"
"Year1611",2012,"Gabapentin Enacarbil",0,0,0,"Western Asia"
"Year1612",2012,"Gabapentin Enacarbil",0,0,0,"Northern Africa"
"Year1613",2012,"Gabapentin Enacarbil",0,0,0,"Southern Africa"
"Year17",2013,"Gabapentin Enacarbil",0.0117438152867779,0.0117240740612972,0.0117635897529207,"Northern America"
"Year171",2013,"Gabapentin Enacarbil",0.000123067383867046,0.000105137577991994,0.000144054878009764,"Central and South America and the Caribbean"
"Year172",2013,"Gabapentin Enacarbil",0,0,0,"Northern Europe"
"Year173",2013,"Gabapentin Enacarbil",0,0,0,"Eastern Europe"
"Year174",2013,"Gabapentin Enacarbil",0,0,0,"Southern Europe"
"Year175",2013,"Gabapentin Enacarbil",0,0,0,"Western Europe"
"Year176",2013,"Gabapentin Enacarbil",0,0,0,"Australia and New Zealand"
"Year177",2013,"Gabapentin Enacarbil",0.024178928939563,0.0241344519985495,0.0242234878463191,"Eastern Asia"
"Year178",2013,"Gabapentin Enacarbil",0,0,0,"Central Asia"
"Year179",2013,"Gabapentin Enacarbil",0,0,0,"South-eastern Asia"
"Year1710",2013,"Gabapentin Enacarbil",0,0,0,"Southern Asia"
"Year1711",2013,"Gabapentin Enacarbil",0,0,0,"Western Asia"
"Year1712",2013,"Gabapentin Enacarbil",0,0,0,"Northern Africa"
"Year1713",2013,"Gabapentin Enacarbil",0,0,0,"Southern Africa"
"Year18",2014,"Gabapentin Enacarbil",0.0216402756617461,0.0216135675285295,0.0216670167985092,"Northern America"
"Year181",2014,"Gabapentin Enacarbil",0,0,0,"Central and South America and the Caribbean"
"Year182",2014,"Gabapentin Enacarbil",0,0,0,"Northern Europe"
"Year183",2014,"Gabapentin Enacarbil",0,0,0,"Eastern Europe"
"Year184",2014,"Gabapentin Enacarbil",0,0,0,"Southern Europe"
"Year185",2014,"Gabapentin Enacarbil",0,0,0,"Western Europe"
"Year186",2014,"Gabapentin Enacarbil",0,0,0,"Australia and New Zealand"
"Year187",2014,"Gabapentin Enacarbil",0.0341536705051063,0.034100771853311,0.0342066512156707,"Eastern Asia"
"Year188",2014,"Gabapentin Enacarbil",0,0,0,"Central Asia"
"Year189",2014,"Gabapentin Enacarbil",0,0,0,"South-eastern Asia"
"Year1810",2014,"Gabapentin Enacarbil",0,0,0,"Southern Asia"
"Year1811",2014,"Gabapentin Enacarbil",0,0,0,"Western Asia"
"Year1812",2014,"Gabapentin Enacarbil",0,0,0,"Northern Africa"
"Year1813",2014,"Gabapentin Enacarbil",0,0,0,"Southern Africa"
"Year19",2015,"Gabapentin Enacarbil",0.033867451270694,0.0338341500165605,0.033900785301579,"Northern America"
"Year191",2015,"Gabapentin Enacarbil",0.0000728687554093817,0.0000590889864581388,0.0000898620171573604,"Central and South America and the Caribbean"
"Year192",2015,"Gabapentin Enacarbil",0,0,0,"Northern Europe"
"Year193",2015,"Gabapentin Enacarbil",0,0,0,"Eastern Europe"
"Year194",2015,"Gabapentin Enacarbil",0,0,0,"Southern Europe"
"Year195",2015,"Gabapentin Enacarbil",0,0,0,"Western Europe"
"Year196",2015,"Gabapentin Enacarbil",0,0,0,"Australia and New Zealand"
"Year197",2015,"Gabapentin Enacarbil",0.0381367001466289,0.0380807596446684,0.0381927228249901,"Eastern Asia"
"Year198",2015,"Gabapentin Enacarbil",0,0,0,"Central Asia"
"Year199",2015,"Gabapentin Enacarbil",0,0,0,"South-eastern Asia"
"Year1910",2015,"Gabapentin Enacarbil",0,0,0,"Southern Asia"
"Year1911",2015,"Gabapentin Enacarbil",0,0,0,"Western Asia"
"Year1912",2015,"Gabapentin Enacarbil",0,0,0,"Northern Africa"
"Year1913",2015,"Gabapentin Enacarbil",0,0,0,"Southern Africa"
"Year20",2016,"Gabapentin Enacarbil",0.0481544616248136,0.0481148811695216,0.0481940746399374,"Northern America"
"Year201",2016,"Gabapentin Enacarbil",0,0,0,"Central and South America and the Caribbean"
"Year202",2016,"Gabapentin Enacarbil",0,0,0,"Northern Europe"
"Year203",2016,"Gabapentin Enacarbil",0,0,0,"Eastern Europe"
"Year204",2016,"Gabapentin Enacarbil",0,0,0,"Southern Europe"
"Year205",2016,"Gabapentin Enacarbil",0,0,0,"Western Europe"
"Year206",2016,"Gabapentin Enacarbil",0,0,0,"Australia and New Zealand"
"Year207",2016,"Gabapentin Enacarbil",0.0410631973032661,0.0410050982267635,0.0411213786988665,"Eastern Asia"
"Year208",2016,"Gabapentin Enacarbil",0,0,0,"Central Asia"
"Year209",2016,"Gabapentin Enacarbil",0,0,0,"South-eastern Asia"
"Year2010",2016,"Gabapentin Enacarbil",0,0,0,"Southern Asia"
"Year2011",2016,"Gabapentin Enacarbil",0,0,0,"Western Asia"
"Year2012",2016,"Gabapentin Enacarbil",0,0,0,"Northern Africa"
"Year2013",2016,"Gabapentin Enacarbil",0,0,0,"Southern Africa"
"Year21",2017,"Gabapentin Enacarbil",0.0509216117592599,0.0508810391662348,0.0509622167049124,"Northern America"
"Year211",2017,"Gabapentin Enacarbil",0,0,0,"Central and South America and the Caribbean"
"Year213",2017,"Gabapentin Enacarbil",0,0,0,"Northern Europe"
"Year215",2017,"Gabapentin Enacarbil",0,0,0,"Eastern Europe"
"Year217",2017,"Gabapentin Enacarbil",0,0,0,"Southern Europe"
"Year219",2017,"Gabapentin Enacarbil",0,0,0,"Western Europe"
"Year2110",2017,"Gabapentin Enacarbil",0,0,0,"Australia and New Zealand"
"Year2111",2017,"Gabapentin Enacarbil",0.0433975495396888,0.0433377597839973,0.0434574217826824,"Eastern Asia"
"Year2112",2017,"Gabapentin Enacarbil",0,0,0,"Central Asia"
"Year2113",2017,"Gabapentin Enacarbil",0,0,0,"South-eastern Asia"
"Year2114",2017,"Gabapentin Enacarbil",0,0,0,"Southern Asia"
"Year2115",2017,"Gabapentin Enacarbil",0,0,0,"Western Asia"
"Year2116",2017,"Gabapentin Enacarbil",0,0,0,"Northern Africa"
"Year2117",2017,"Gabapentin Enacarbil",0,0,0,"Southern Africa"
"Year22",2018,"Gabapentin Enacarbil",0.0440768461584178,0.0440392160823553,0.0441145083881549,"Northern America"
"Year221",2018,"Gabapentin Enacarbil",0,0,0,"Central and South America and the Caribbean"
"Year222",2018,"Gabapentin Enacarbil",0,0,0,"Northern Europe"
"Year223",2018,"Gabapentin Enacarbil",0,0,0,"Eastern Europe"
"Year224",2018,"Gabapentin Enacarbil",0,0,0,"Southern Europe"
"Year225",2018,"Gabapentin Enacarbil",0,0,0,"Western Europe"
"Year226",2018,"Gabapentin Enacarbil",0,0,0,"Australia and New Zealand"
"Year228",2018,"Gabapentin Enacarbil",0.0472257354584452,0.0471632889714974,0.0472882646275768,"Eastern Asia"
"Year2210",2018,"Gabapentin Enacarbil",0,0,0,"Central Asia"
"Year2211",2018,"Gabapentin Enacarbil",0,0,0,"South-eastern Asia"
"Year2212",2018,"Gabapentin Enacarbil",0,0,0,"Southern Asia"
"Year2213",2018,"Gabapentin Enacarbil",0,0,0,"Western Asia"
"Year2214",2018,"Gabapentin Enacarbil",0,0,0,"Northern Africa"
"Year2215",2018,"Gabapentin Enacarbil",0,0,0,"Southern Africa"
"Year23",2008,"Pregabalin",1.78573177182782,1.41704922428948,2.25033676054142,"Northern America"
"Year231",2008,"Pregabalin",0.129435541380864,0.0733363318773307,0.228448286731614,"Central and South America and the Caribbean"
"Year232",2008,"Pregabalin",0.685519391140687,0.490319258183553,0.958430303902067,"Northern Europe"
"Year233",2008,"Pregabalin",0.0457810042461831,0.0178982097291362,0.117101116899818,"Eastern Europe"
"Year234",2008,"Pregabalin",0.694181753276667,0.474614215566511,1.01532632352167,"Southern Europe"
"Year235",2008,"Pregabalin",1.33958824029046,1.02443496871715,1.75169406387178,"Western Europe"
"Year236",2008,"Pregabalin",0.0673559694673215,0.00209923343102243,2.16118253255575,"Australia and New Zealand"
"Year237",2008,"Pregabalin",0.305197601976926,0.304942239683097,0.305453178114206,"Eastern Asia"
"Year238",2008,"Pregabalin",0,0,0,"Central Asia"
"Year239",2008,"Pregabalin",0.0258459870391713,0.0257913604363821,0.0259007293421672,"South-eastern Asia"
"Year2310",2008,"Pregabalin",0.0599560881152211,0.031377803190383,0.114562911886129,"Southern Asia"
"Year2311",2008,"Pregabalin",0.141075926988609,0.111152599110144,0.179054896916748,"Western Asia"
"Year2312",2008,"Pregabalin",0.0377378646995579,0.0208191418590475,0.0684056260207112,"Northern Africa"
"Year2313",2008,"Pregabalin",0.0643865955905496,0.0642700669321814,0.0645033355281161,"Southern Africa"
"Year24",2009,"Pregabalin",2.05706987530189,2.00222817399992,2.11341370919832,"Northern America"
"Year241",2009,"Pregabalin",0.134693176888533,0.0726285455554225,0.249795060077052,"Central and South America and the Caribbean"
"Year242",2009,"Pregabalin",0.861430773450444,0.637744909110917,1.16357334546495,"Northern Europe"
"Year243",2009,"Pregabalin",0.0991579749699266,0.0396460645023999,0.248002017944086,"Eastern Europe"
"Year244",2009,"Pregabalin",0.988453650109114,0.658150254300117,1.48452517040053,"Southern Europe"
"Year245",2009,"Pregabalin",1.60258211211562,1.24773827749515,2.05833985571781,"Western Europe"
"Year246",2009,"Pregabalin",0.119675094426859,0.0066948384006374,2.13927915343172,"Australia and New Zealand"
"Year247",2009,"Pregabalin",0.469755363144467,0.469439055051531,0.470071884365835,"Eastern Asia"
"Year248",2009,"Pregabalin",0,0,0,"Central Asia"
"Year249",2009,"Pregabalin",0.0361886338106602,0.0361245150320291,0.0362528663961553,"South-eastern Asia"
"Year2410",2009,"Pregabalin",0.105619043615232,0.0788475560134259,0.141480382376047,"Southern Asia"
"Year2411",2009,"Pregabalin",0.195649124634177,0.156654139835016,0.244350899442772,"Western Asia"
"Year2412",2009,"Pregabalin",0.0921701400085077,0.0355606473996247,0.23889707669601,"Northern Africa"
"Year2413",2009,"Pregabalin",0.113003939050021,0.112850598015928,0.113157488443425,"Southern Africa"
"Year25",2010,"Pregabalin",2.22163543409773,1.78491591902608,2.76520812517137,"Northern America"
"Year251",2010,"Pregabalin",0.187730459922313,0.111938481219787,0.314840126457011,"Central and South America and the Caribbean"
"Year252",2010,"Pregabalin",0.981650629199198,0.756699685843249,1.27347476923203,"Northern Europe"
"Year253",2010,"Pregabalin",0.132637168019795,0.0542321318876861,0.324394740312721,"Eastern Europe"
"Year254",2010,"Pregabalin",1.34510973749834,0.884942709327494,2.04456196637614,"Southern Europe"
"Year255",2010,"Pregabalin",1.98421332662742,1.60493632542476,2.45312070217106,"Western Europe"
"Year256",2010,"Pregabalin",0.161888187771348,0.0115460576508045,2.26984708828863,"Australia and New Zealand"
"Year257",2010,"Pregabalin",0.242406246171883,0.0438400213992438,1.34034579153187,"Eastern Asia"
"Year258",2010,"Pregabalin",0,0,0,"Central Asia"
"Year259",2010,"Pregabalin",0.0385131503367201,0.038447550824491,0.0385788617753505,"South-eastern Asia"
"Year2510",2010,"Pregabalin",0.131984921723685,0.0969046118651434,0.179764607969843,"Southern Asia"
"Year2511",2010,"Pregabalin",0.249392235341128,0.187599342203513,0.331538939944534,"Western Asia"
"Year2512",2010,"Pregabalin",0.129720808034392,0.0603559813690292,0.278803983555642,"Northern Africa"
"Year2513",2010,"Pregabalin",0.136911069855987,0.136743498556239,0.137078846504735,"Southern Africa"
"Year26",2011,"Pregabalin",2.3397128249686,1.69690412533975,3.22602557302789,"Northern America"
"Year261",2011,"Pregabalin",0.229913692369895,0.136091271193091,0.388418048238809,"Central and South America and the Caribbean"
"Year262",2011,"Pregabalin",1.13017387894368,0.897667883710605,1.42290152051201,"Northern Europe"
"Year263",2011,"Pregabalin",0.180976473981745,0.0777322501515362,0.4213500068635,"Eastern Europe"
"Year264",2011,"Pregabalin",0.452948035616432,0.307263026588957,0.667707811272852,"Southern Europe"
"Year265",2011,"Pregabalin",2.16434086399706,1.80682798448456,2.59259399112301,"Western Europe"
"Year266",2011,"Pregabalin",0.201792377063741,0.0154062631449585,2.64309151790388,"Australia and New Zealand"
"Year267",2011,"Pregabalin",0.028928148985936,0.0189007117380547,0.0442754651438665,"Eastern Asia"
"Year268",2011,"Pregabalin",0.00960101577255976,0.0095230806198554,0.00967958873232146,"Central Asia"
"Year269",2011,"Pregabalin",0.0443519281650764,0.0442821199264241,0.044421846452439,"South-eastern Asia"
"Year2610",2011,"Pregabalin",0.168996966737305,0.130696591597336,0.218521190318415,"Southern Asia"
"Year2611",2011,"Pregabalin",0.327752327600962,0.251276288047046,0.427503880619791,"Western Asia"
"Year2612",2011,"Pregabalin",0.170629259706493,0.0817845739244994,0.35598821233529,"Northern Africa"
"Year2613",2011,"Pregabalin",0.159058685644229,0.158879431314018,0.159238142216572,"Southern Africa"
"Year27",2012,"Pregabalin",2.40654641396667,1.51991845322043,3.81037918863658,"Northern America"
"Year271",2012,"Pregabalin",0.284763573836714,0.165640355726468,0.48955638031934,"Central and South America and the Caribbean"
"Year272",2012,"Pregabalin",1.26500870779641,1.00394670654455,1.59395615361753,"Northern Europe"
"Year273",2012,"Pregabalin",0.161960023288254,0.0788363010661664,0.332728055334768,"Eastern Europe"
"Year274",2012,"Pregabalin",0.56727933959276,0.376892452316092,0.853839993746827,"Southern Europe"
"Year275",2012,"Pregabalin",2.41526491808486,2.03237548332435,2.87028881837801,"Western Europe"
"Year276",2012,"Pregabalin",0.227894874845281,0.0163813639829245,3.17043648104534,"Australia and New Zealand"
"Year277",2012,"Pregabalin",0.0734541745862168,0.0350796976377821,0.153807362305519,"Eastern Asia"
"Year278",2012,"Pregabalin",0.0218950945951692,0.0217781605167966,0.0220126565309163,"Central Asia"
"Year279",2012,"Pregabalin",0.0498278414360306,0.0497544732076962,0.0499013178535706,"South-eastern Asia"
"Year2710",2012,"Pregabalin",0.190325254260355,0.1447039143141,0.250329803315756,"Southern Asia"
"Year2711",2012,"Pregabalin",0.388249138849562,0.279387208550842,0.539528615498501,"Western Asia"
"Year2712",2012,"Pregabalin",0.226086584971411,0.129875123199628,0.39357147577421,"Northern Africa"
"Year2713",2012,"Pregabalin",0.184676282956343,0.184484644778816,0.184868120202964,"Southern Africa"
"Year28",2013,"Pregabalin",2.71107277526396,1.53684363676154,4.78247455822199,"Northern America"
"Year281",2013,"Pregabalin",0.332966623691597,0.192563422145977,0.575741598570764,"Central and South America and the Caribbean"
"Year282",2013,"Pregabalin",1.46839051476645,1.14607452454873,1.88135296411467,"Northern Europe"
"Year283",2013,"Pregabalin",0.21659097571912,0.126680954571308,0.370313366533358,"Eastern Europe"
"Year284",2013,"Pregabalin",0.728316420747937,0.478133097233457,1.10940826267897,"Southern Europe"
"Year285",2013,"Pregabalin",2.55007700957983,2.13564015168825,3.04493842263033,"Western Europe"
"Year286",2013,"Pregabalin",0.465951218647797,0.0128663031992065,16.8743527023952,"Australia and New Zealand"
"Year287",2013,"Pregabalin",0.0959943675688379,0.0417052058763546,0.22095367739608,"Eastern Asia"
"Year288",2013,"Pregabalin",0.0283830152437046,0.02825091155744,0.0285157366581401,"Central Asia"
"Year289",2013,"Pregabalin",0.0567309354562749,0.0566533053426583,0.056808671943818,"South-eastern Asia"
"Year2810",2013,"Pregabalin",0.210440852418913,0.16210352936981,0.273191783910946,"Southern Asia"
"Year2811",2013,"Pregabalin",0.609238682569451,0.463104516900368,0.801485968703722,"Western Asia"
"Year2812",2013,"Pregabalin",0.267013570883236,0.159565159226087,0.446815879992933,"Northern Africa"
"Year2813",2013,"Pregabalin",0.195694501316733,0.195498801635742,0.19589039689849,"Southern Africa"
"Year29",2014,"Pregabalin",2.94809238694382,1.53762376596946,5.65238969005941,"Northern America"
"Year291",2014,"Pregabalin",0.388813352558883,0.229059021487194,0.659986330800466,"Central and South America and the Caribbean"
"Year292",2014,"Pregabalin",1.6248247478115,1.24886354749072,2.11396630673162,"Northern Europe"
"Year293",2014,"Pregabalin",0.264862404546841,0.154758739614946,0.453299720047339,"Eastern Europe"
"Year294",2014,"Pregabalin",0.888568524852867,0.584390218731932,1.35107330350678,"Southern Europe"
"Year295",2014,"Pregabalin",2.74954308329948,2.29587894046896,3.29285095727905,"Western Europe"
"Year296",2014,"Pregabalin",0.669879098228456,0.0120483796459487,37.2446768304034,"Australia and New Zealand"
"Year297",2014,"Pregabalin",0.110556887308549,0.0452463442834062,0.270139511267387,"Eastern Asia"
"Year298",2014,"Pregabalin",0.0394106974209298,0.0392562239768149,0.0395657787188452,"Central Asia"
"Year299",2014,"Pregabalin",0.0659752417026973,0.0658922071499359,0.0660583808920651,"South-eastern Asia"
"Year2910",2014,"Pregabalin",0.23474872140166,0.182030460399519,0.302734839426137,"Southern Asia"
"Year2911",2014,"Pregabalin",0.780515503295652,0.57138520979605,1.06618869449266,"Western Asia"
"Year2912",2014,"Pregabalin",0.325039157004371,0.187816505086163,0.562519537554189,"Northern Africa"
"Year2913",2014,"Pregabalin",0.21451051799742,0.214307236749124,0.214713992068256,"Southern Africa"
"Year30",2015,"Pregabalin",3.20863254014157,1.52563409984033,6.74822539607158,"Northern America"
"Year301",2015,"Pregabalin",0.456654282397879,0.278906820638788,0.74768029392294,"Central and South America and the Caribbean"
"Year302",2015,"Pregabalin",1.75748176199532,1.29755976907244,2.38042379038475,"Northern Europe"
"Year303",2015,"Pregabalin",0.299147504893932,0.168439248484092,0.531284902358828,"Eastern Europe"
"Year304",2015,"Pregabalin",1.05458271306197,0.708355317857155,1.57003790421663,"Southern Europe"
"Year305",2015,"Pregabalin",2.94279066273429,2.49412662101497,3.47216408810551,"Western Europe"
"Year306",2015,"Pregabalin",0.805707187975955,0.0131849067980103,49.2353933707052,"Australia and New Zealand"
"Year307",2015,"Pregabalin",0.136904864309322,0.0506907046706374,0.369751061724946,"Eastern Asia"
"Year308",2015,"Pregabalin",0.0626427133075861,0.0624493794673203,0.0628366456802009,"Central Asia"
"Year309",2015,"Pregabalin",0.0759667938336859,0.0758783899596215,0.0760553007047295,"South-eastern Asia"
"Year3010",2015,"Pregabalin",0.269501128385883,0.218074264873622,0.333055614074201,"Southern Asia"
"Year3011",2015,"Pregabalin",0.881659588515541,0.552592165739268,1.40668593985851,"Western Asia"
"Year3012",2015,"Pregabalin",0.390063026638811,0.231613820553692,0.656908833794566,"Northern Africa"
"Year3013",2015,"Pregabalin",0.235812820290396,0.235601305613177,0.236024524858153,"Southern Africa"
"Year31",2016,"Pregabalin",3.44397454972141,1.4820542221518,8.00305449142598,"Northern America"
"Year311",2016,"Pregabalin",0.473132068930236,0.300505035999188,0.744925801013233,"Central and South America and the Caribbean"
"Year313",2016,"Pregabalin",2.06944105342445,1.48609435710912,2.88177278455545,"Northern Europe"
"Year315",2016,"Pregabalin",0.414789608795277,0.161383814151375,1.06609464195188,"Eastern Europe"
"Year317",2016,"Pregabalin",1.34042173092759,0.90891866228467,1.97677800148434,"Southern Europe"
"Year319",2016,"Pregabalin",3.43943145606075,3.08266051828901,3.83749318835344,"Western Europe"
"Year3110",2016,"Pregabalin",0.932167179962899,0.0148612476046814,58.4698993324263,"Australia and New Zealand"
"Year3111",2016,"Pregabalin",0.158087215643293,0.0583776709145506,0.428101487406545,"Eastern Asia"
"Year3112",2016,"Pregabalin",0.0465659832528454,0.0464005472849771,0.0467320090641759,"Central Asia"
"Year3113",2016,"Pregabalin",0.0904476731165673,0.0903519298390145,0.0905435178504501,"South-eastern Asia"
"Year3114",2016,"Pregabalin",0.302130228736552,0.255103820070329,0.357825590738843,"Southern Asia"
"Year3115",2016,"Pregabalin",0.997830125081841,0.553134362533451,1.80004177278107,"Western Asia"
"Year3116",2016,"Pregabalin",0.479645621542218,0.285488224231933,0.805847326570355,"Northern Africa"
"Year3117",2016,"Pregabalin",0.259646544447359,0.259426220187473,0.259867055823178,"Southern Africa"
"Year32",2017,"Pregabalin",3.62908879729849,1.41970328342907,9.27678737691345,"Northern America"
"Year321",2017,"Pregabalin",0.493746446721282,0.320285789993341,0.761150076795355,"Central and South America and the Caribbean"
"Year322",2017,"Pregabalin",2.32115756204275,1.6410424590389,3.28314017602179,"Northern Europe"
"Year323",2017,"Pregabalin",0.561314665072165,0.249537463813332,1.26263266609446,"Eastern Europe"
"Year324",2017,"Pregabalin",1.60625786649897,1.12074924633319,2.30208884113117,"Southern Europe"
"Year325",2017,"Pregabalin",3.64239276433678,3.2911585730201,4.03111085514137,"Western Europe"
"Year326",2017,"Pregabalin",1.01942886442212,0.0165431065628798,62.8198340902225,"Australia and New Zealand"
"Year328",2017,"Pregabalin",0.206166182028765,0.0681417332022907,0.623765974459966,"Eastern Asia"
"Year3210",2017,"Pregabalin",0.0649470986649435,0.0647530168023382,0.0651417622420581,"Central Asia"
"Year3211",2017,"Pregabalin",0.103444151883573,0.103342494099776,0.103545909667909,"South-eastern Asia"
"Year3212",2017,"Pregabalin",0.333043881488466,0.288083686672243,0.385020853760097,"Southern Asia"
"Year3213",2017,"Pregabalin",1.28513605025727,0.72687680800975,2.27215210262795,"Western Asia"
"Year3214",2017,"Pregabalin",0.816361880609319,0.455416256221421,1.46337929533188,"Northern Africa"
"Year3215",2017,"Pregabalin",0.26947936333117,0.269256488202596,0.269702422943034,"Southern Africa"
"Year33",2018,"Pregabalin",3.65248791988916,1.42892987769678,9.33612503535819,"Northern America"
"Year331",2018,"Pregabalin",0.530464988312791,0.357502873548146,0.787107250447858,"Central and South America and the Caribbean"
"Year332",2018,"Pregabalin",2.56530058266322,1.79586179627548,3.66440618819356,"Northern Europe"
"Year333",2018,"Pregabalin",0.711790141500282,0.337209083007644,1.50246606947271,"Eastern Europe"
"Year334",2018,"Pregabalin",1.93372182005702,1.360914269586,2.74762353583239,"Southern Europe"
"Year335",2018,"Pregabalin",3.83849497407098,3.4668199969143,4.25001692590976,"Western Europe"
"Year336",2018,"Pregabalin",2.93377622826214,0.370737798416643,23.2159844350245,"Australia and New Zealand"
"Year337",2018,"Pregabalin",0.236474740032025,0.0794497398587826,0.703845006574078,"Eastern Asia"
"Year338",2018,"Pregabalin",0.0770922907765416,0.0768821990708729,0.0773029565881194,"Central Asia"
"Year339",2018,"Pregabalin",0.124348374170844,0.124237687195826,0.124459159760113,"South-eastern Asia"
"Year3310",2018,"Pregabalin",0.383726848941491,0.350745827079682,0.419809113124857,"Southern Asia"
"Year3311",2018,"Pregabalin",0.919736446419827,0.349772376296294,2.41847323630952,"Western Asia"
"Year3312",2018,"Pregabalin",1.35257399785495,0.786883131490583,2.32494044726542,"Northern Africa"
"Year3313",2018,"Pregabalin",0.307619487907004,0.307382973738231,0.307856184060327,"Southern Africa"
"Year34",2008,"Gabapentinoids",4.76147283727869,3.26822373414933,6.93698639516301,"Northern America"
"Year341",2008,"Gabapentinoids",0.23179740764596,0.091955965634732,0.584301821208796,"Central and South America and the Caribbean"
"Year342",2008,"Gabapentinoids",1.33098931179821,1.0679860832248,1.65875995572143,"Northern Europe"
"Year343",2008,"Gabapentinoids",0.16071368673299,0.0661646984898117,0.390372656308364,"Eastern Europe"
"Year344",2008,"Gabapentinoids",1.60120446629981,1.00826131402545,2.5428484731427,"Southern Europe"
"Year345",2008,"Gabapentinoids",2.26522262752804,1.81173773280175,2.83221652856449,"Western Europe"
"Year346",2008,"Gabapentinoids",0.901045502097833,0.798788689761385,1.01639270467545,"Australia and New Zealand"
"Year347",2008,"Gabapentinoids",0.220330172353815,0.0126194010909127,3.84688500664422,"Eastern Asia"
"Year348",2008,"Gabapentinoids",0,0,0,"Central Asia"
"Year349",2008,"Gabapentinoids",0.0511342657613673,0.0510574065219933,0.0512112407007558,"South-eastern Asia"
"Year3410",2008,"Gabapentinoids",0.105968606971508,0.0896715431127674,0.125227527860877,"Southern Asia"
"Year3411",2008,"Gabapentinoids",0.312110914882941,0.138480112414012,0.703445581397502,"Western Asia"
"Year3412",2008,"Gabapentinoids",0.0683167174113349,0.0410631267535789,0.113658511829068,"Northern Africa"
"Year3413",2008,"Gabapentinoids",0.115912690939065,0.115756304007508,0.11606928914959,"Southern Africa"
"Year35",2009,"Gabapentinoids",5.38054777789443,3.92299329091119,7.37964412462209,"Northern America"
"Year351",2009,"Gabapentinoids",0.278590736017426,0.108682737655935,0.714122590842671,"Central and South America and the Caribbean"
"Year352",2009,"Gabapentinoids",1.57549566056152,1.27504742159477,1.94674059521926,"Northern Europe"
"Year353",2009,"Gabapentinoids",0.255736716213492,0.107749238925431,0.606976612288855,"Eastern Europe"
"Year354",2009,"Gabapentinoids",1.8166655726279,1.12175107142585,2.94207323428405,"Southern Europe"
"Year355",2009,"Gabapentinoids",2.5463764140375,2.08431476896128,3.11087026706519,"Western Europe"
"Year356",2009,"Gabapentinoids",1.07262830345228,0.920921527214982,1.24932629259555,"Australia and New Zealand"
"Year357",2009,"Gabapentinoids",0.29022723001677,0.0202357101963533,4.16253465906951,"Eastern Asia"
"Year358",2009,"Gabapentinoids",0,0,0,"Central Asia"
"Year359",2009,"Gabapentinoids",0.0618771153207514,0.0617932553795906,0.0619610890686649,"South-eastern Asia"
"Year3510",2009,"Gabapentinoids",0.146916486594211,0.12915484527817,0.167120745541517,"Southern Asia"
"Year3511",2009,"Gabapentinoids",0.404312382740804,0.177870546004028,0.919030758661102,"Western Asia"
"Year3512",2009,"Gabapentinoids",0.133672001835859,0.0759937802971554,0.235127190737671,"Northern Africa"
"Year3513",2009,"Gabapentinoids",0.158601181385134,0.158419499893047,0.158783071236447,"Southern Africa"
"Year36",2010,"Gabapentinoids",6.11228747906999,4.34630860473385,8.59581351082722,"Northern America"
"Year361",2010,"Gabapentinoids",0.33001022508271,0.136082922876624,0.800296953923294,"Central and South America and the Caribbean"
"Year362",2010,"Gabapentinoids",1.90235736574504,1.53066166116638,2.36431318482671,"Northern Europe"
"Year363",2010,"Gabapentinoids",0.336009972042256,0.140802815062575,0.801849744706185,"Eastern Europe"
"Year364",2010,"Gabapentinoids",2.06696679758072,1.28051594516884,3.33642994327397,"Southern Europe"
"Year365",2010,"Gabapentinoids",2.97275916301357,2.52597831783587,3.49856409252653,"Western Europe"
"Year366",2010,"Gabapentinoids",1.26123456479709,1.03385134916602,1.53862799397813,"Australia and New Zealand"
"Year367",2010,"Gabapentinoids",0.491706182813259,0.078227064823153,3.09068186008722,"Eastern Asia"
"Year368",2010,"Gabapentinoids",0,0,0,"Central Asia"
"Year369",2010,"Gabapentinoids",0.0663761132586021,0.0662899762067944,0.0664623622367086,"South-eastern Asia"
"Year3610",2010,"Gabapentinoids",0.173710899624054,0.142996064770956,0.211023126381358,"Southern Asia"
"Year3611",2010,"Gabapentinoids",0.49351902799875,0.219665319731968,1.10878235715141,"Western Asia"
"Year3612",2010,"Gabapentinoids",0.173033253827856,0.102868037996872,0.291057431572339,"Northern Africa"
"Year3613",2010,"Gabapentinoids",0.182516358135403,0.182322864447856,0.182710057171891,"Southern Africa"
"Year37",2011,"Gabapentinoids",6.44986218232578,4.90138130435738,8.48755066944349,"Northern America"
"Year371",2011,"Gabapentinoids",0.394980787372901,0.1572447500455,0.992146461796489,"Central and South America and the Caribbean"
"Year372",2011,"Gabapentinoids",2.24917190687583,1.7974242612446,2.81445754113533,"Northern Europe"
"Year373",2011,"Gabapentinoids",0.436985387054265,0.190025681183294,1.0048969555582,"Eastern Europe"
"Year374",2011,"Gabapentinoids",0.929237057753063,0.593873961415071,1.453981089597,"Southern Europe"
"Year375",2011,"Gabapentinoids",3.11135567737546,2.66284650312824,3.63540825194544,"Western Europe"
"Year376",2011,"Gabapentinoids",1.44391337863777,1.15247963458249,1.80904354614859,"Australia and New Zealand"
"Year377",2011,"Gabapentinoids",0.0568493450591907,0.026501349054743,0.121950321358471,"Eastern Asia"
"Year378",2011,"Gabapentinoids",0.0284595431652052,0.0283251356691541,0.0285945884472568,"Central Asia"
"Year379",2011,"Gabapentinoids",0.0712718315111733,0.0711833237292588,0.0713604493417207,"South-eastern Asia"
"Year3710",2011,"Gabapentinoids",0.214254017386267,0.177732660516682,0.25827995728363,"Southern Asia"
"Year3711",2011,"Gabapentinoids",0.599205608267259,0.256952430689071,1.39733008174345,"Western Asia"
"Year3712",2011,"Gabapentinoids",0.220201224898963,0.127432462699035,0.380504138584546,"Northern Africa"
"Year3713",2011,"Gabapentinoids",0.209310673497098,0.209105028567473,0.209516520668809,"Southern Africa"
"Year38",2012,"Gabapentinoids",6.70410963335117,5.73634035027235,7.83514980485042,"Northern America"
"Year381",2012,"Gabapentinoids",0.475151061102571,0.191677607773274,1.17785553299449,"Central and South America and the Caribbean"
"Year382",2012,"Gabapentinoids",2.6102980880486,2.04251527878302,3.33591438911043,"Northern Europe"
"Year383",2012,"Gabapentinoids",0.477199791804726,0.228190475282036,0.997936662417747,"Eastern Europe"
"Year384",2012,"Gabapentinoids",1.11569674201263,0.703469645362491,1.76948533365099,"Southern Europe"
"Year385",2012,"Gabapentinoids",3.39305839206882,2.92015395705823,3.942547352396,"Western Europe"
"Year386",2012,"Gabapentinoids",1.67079597258812,1.30350951867158,2.14157176609005,"Australia and New Zealand"
"Year387",2012,"Gabapentinoids",0.131206817592001,0.0487827401102295,0.352895900142572,"Eastern Asia"
"Year388",2012,"Gabapentinoids",0.0437288995962414,0.0435635170646913,0.0438949099784241,"Central Asia"
"Year389",2012,"Gabapentinoids",0.075679368214507,0.07558893645883,0.0757699081593293,"South-eastern Asia"
"Year3810",2012,"Gabapentinoids",0.23776464903907,0.190657492837657,0.296510918565412,"Southern Asia"
"Year3811",2012,"Gabapentinoids",0.627185580415371,0.251347020852843,1.56501458002666,"Western Asia"
"Year3812",2012,"Gabapentinoids",0.281237433044119,0.172775647034509,0.457787281383745,"Northern Africa"
"Year3813",2012,"Gabapentinoids",0.237881970495407,0.237664458105445,0.238099681954427,"Southern Africa"
"Year39",2013,"Gabapentinoids",7.68045173210538,6.6367386807559,8.88830216869137,"Northern America"
"Year391",2013,"Gabapentinoids",0.537275748989758,0.228408059236789,1.26381368248153,"Central and South America and the Caribbean"
"Year392",2013,"Gabapentinoids",3.0598278320955,2.33302837725113,4.01304435615036,"Northern Europe"
"Year393",2013,"Gabapentinoids",0.64930866110986,0.37737212273857,1.11720424479884,"Eastern Europe"
"Year394",2013,"Gabapentinoids",1.31515459622252,0.825559415792662,2.0951025194286,"Southern Europe"
"Year395",2013,"Gabapentinoids",3.58158709560965,3.08522535303361,4.15780523481839,"Western Europe"
"Year396",2013,"Gabapentinoids",2.73537279694426,1.72361162792118,4.34103844338,"Australia and New Zealand"
"Year397",2013,"Gabapentinoids",0.169965927543467,0.0599015493735243,0.482264930170225,"Eastern Asia"
"Year398",2013,"Gabapentinoids",0.0481941051718645,0.0480218720039915,0.0483669560637636,"Central Asia"
"Year399",2013,"Gabapentinoids",0.0887645586831294,0.0886674407185826,0.0888617830215488,"South-eastern Asia"
"Year3910",2013,"Gabapentinoids",0.258758812181985,0.203942211964241,0.328309290347268,"Southern Asia"
"Year3911",2013,"Gabapentinoids",0.902870827356016,0.409471027907699,1.99080197457655,"Western Asia"
"Year3912",2013,"Gabapentinoids",0.334616361639963,0.205855893708281,0.543915005104673,"Northern Africa"
"Year3913",2013,"Gabapentinoids",0.252928744304476,0.252706246351647,0.253151438158038,"Southern Africa"
"Year40",2014,"Gabapentinoids",8.38566951286254,7.30027540460334,9.63243840562658,"Northern America"
"Year401",2014,"Gabapentinoids",0.620327986031675,0.261301875082994,1.47265231117034,"Central and South America and the Caribbean"
"Year402",2014,"Gabapentinoids",3.43835955364825,2.51922807406999,4.69283291252959,"Northern Europe"
"Year403",2014,"Gabapentinoids",0.779261584611154,0.475165374150466,1.27797320740462,"Eastern Europe"
"Year404",2014,"Gabapentinoids",1.49266260300303,0.941840913859464,2.36562418728844,"Southern Europe"
"Year405",2014,"Gabapentinoids",3.84561621739903,3.33082735859447,4.43996716112089,"Western Europe"
"Year406",2014,"Gabapentinoids",3.74976772231547,1.64970590514697,8.52319066534848,"Australia and New Zealand"
"Year407",2014,"Gabapentinoids",0.212556994144281,0.0699966050090763,0.64546667304498,"Eastern Asia"
"Year408",2014,"Gabapentinoids",0.0659513298174736,0.0657514121851089,0.0661518553008092,"Central Asia"
"Year409",2014,"Gabapentinoids",0.0921264437749703,0.0920283136206366,0.0922246785658752,"South-eastern Asia"
"Year4010",2014,"Gabapentinoids",0.286776051251887,0.21650824091981,0.379849299140928,"Southern Asia"
"Year4011",2014,"Gabapentinoids",1.08679467014878,0.527317321085681,2.23987077198983,"Western Asia"
"Year4012",2014,"Gabapentinoids",0.407884211318699,0.245889271170646,0.676603452647666,"Northern Africa"
"Year4013",2014,"Gabapentinoids",0.272652456391806,0.272423263594546,0.27288184201158,"Southern Africa"
"Year41",2015,"Gabapentinoids",9.44603615499392,8.00028285103878,11.1530555485131,"Northern America"
"Year411",2015,"Gabapentinoids",0.709906369127534,0.302374305801675,1.66669933012888,"Central and South America and the Caribbean"
"Year412",2015,"Gabapentinoids",3.9187181483398,2.81801379896048,5.44935299173921,"Northern Europe"
"Year413",2015,"Gabapentinoids",0.876231079774691,0.510505451317034,1.50396220683315,"Eastern Europe"
"Year414",2015,"Gabapentinoids",1.76566248381994,1.12849100171242,2.76259536145037,"Southern Europe"
"Year415",2015,"Gabapentinoids",4.06325638875691,3.5562791802392,4.64250741969683,"Western Europe"
"Year416",2015,"Gabapentinoids",4.52340109533308,1.8739666913464,10.918634554043,"Australia and New Zealand"
"Year418",2015,"Gabapentinoids",0.251421405495935,0.0739007951243718,0.855372706547568,"Eastern Asia"
"Year4110",2015,"Gabapentinoids",0.0874930732517727,0.0872645332339165,0.0877222118007599,"Central Asia"
"Year4111",2015,"Gabapentinoids",0.102333230671482,0.102230617601982,0.102435946737935,"South-eastern Asia"
"Year4112",2015,"Gabapentinoids",0.325046617433455,0.245518105797389,0.430336097461267,"Southern Asia"
"Year4113",2015,"Gabapentinoids",1.20089155327647,0.533085135811332,2.70527243370966,"Western Asia"
"Year4114",2015,"Gabapentinoids",0.486973708758155,0.291385967427537,0.813846305349778,"Northern Africa"
"Year4115",2015,"Gabapentinoids",0.290930224880801,0.290695277490256,0.291165362161862,"Southern Africa"
"Year42",2016,"Gabapentinoids",10.4674303541674,9.01148380925532,12.1586078983812,"Northern America"
"Year421",2016,"Gabapentinoids",0.714711886431059,0.297596957369115,1.71645935200968,"Central and South America and the Caribbean"
"Year422",2016,"Gabapentinoids",4.45107550997824,3.14110853590627,6.30735072317769,"Northern Europe"
"Year423",2016,"Gabapentinoids",0.946365510933304,0.423804469027566,2.11325681000735,"Eastern Europe"
"Year424",2016,"Gabapentinoids",2.09817565904661,1.34290301637844,3.27822712625068,"Southern Europe"
"Year425",2016,"Gabapentinoids",4.51038213547752,4.05707943720481,5.01433292665591,"Western Europe"
"Year426",2016,"Gabapentinoids",5.28181914383386,2.21837746362113,12.5756837714316,"Australia and New Zealand"
"Year427",2016,"Gabapentinoids",0.285115474499837,0.0812253363466124,1.00080636726914,"Eastern Asia"
"Year428",2016,"Gabapentinoids",0.0714185147009812,0.0712135641791552,0.0716240550643195,"Central Asia"
"Year429",2016,"Gabapentinoids",0.116806137449043,0.116697327154176,0.11691504920022,"South-eastern Asia"
"Year4210",2016,"Gabapentinoids",0.361412959339483,0.273637524969292,0.4773443525086,"Southern Asia"
"Year4211",2016,"Gabapentinoids",1.41193465069118,0.634205921170671,3.14339458411639,"Western Asia"
"Year4212",2016,"Gabapentinoids",0.607119179648605,0.357103542411477,1.03217597845187,"Northern Africa"
"Year4213",2016,"Gabapentinoids",0.323805873325274,0.323559818065062,0.3240521157014,"Southern Africa"
"Year43",2017,"Gabapentinoids",11.3825152613204,9.71665832252575,13.3339723775029,"Northern America"
"Year431",2017,"Gabapentinoids",0.752113652902188,0.312043200209172,1.81280972154716,"Central and South America and the Caribbean"
"Year432",2017,"Gabapentinoids",4.91922710877398,3.46576715536859,6.98223344583667,"Northern Europe"
"Year433",2017,"Gabapentinoids",1.17743644733853,0.575783877409631,2.40777250269353,"Eastern Europe"
"Year434",2017,"Gabapentinoids",2.35422602035527,1.5383886827331,3.60271771180168,"Southern Europe"
"Year435",2017,"Gabapentinoids",4.70495997396065,4.26294398347952,5.1928077033992,"Western Europe"
"Year436",2017,"Gabapentinoids",5.82186302974977,2.53182560461915,13.3872131932506,"Australia and New Zealand"
"Year437",2017,"Gabapentinoids",0.342318954814576,0.0902429367820528,1.29852009480091,"Eastern Asia"
"Year438",2017,"Gabapentinoids",0.0869151432598006,0.0866905790551065,0.0871402891780162,"Central Asia"
"Year439",2017,"Gabapentinoids",0.12694699923209,0.126834378166791,0.127059720297914,"South-eastern Asia"
"Year4310",2017,"Gabapentinoids",0.394613892120254,0.295288295477406,0.527349462336582,"Southern Asia"
"Year4311",2017,"Gabapentinoids",1.78672719254019,0.878584502186251,3.63356518652293,"Western Asia"
"Year4312",2017,"Gabapentinoids",0.930665532959027,0.520814314848488,1.66304632868987,"Northern Africa"
"Year4313",2017,"Gabapentinoids",0.334996164294574,0.334747658070804,0.335244855001616,"Southern Africa"
"Year44",2018,"Gabapentinoids",11.5467934963876,9.82216754321447,13.57423801433,"Northern America"
"Year441",2018,"Gabapentinoids",0.783810785277385,0.354534396542489,1.73286246160751,"Central and South America and the Caribbean"
"Year442",2018,"Gabapentinoids",5.33864078664938,3.7712179647754,7.55752802279985,"Northern Europe"
"Year443",2018,"Gabapentinoids",1.41580901191269,0.731362793903191,2.74079454810018,"Eastern Europe"
"Year444",2018,"Gabapentinoids",2.65571716132907,1.74980954060079,4.0306293212667,"Southern Europe"
"Year445",2018,"Gabapentinoids",4.89826845601657,4.43770168773917,5.40663513581744,"Western Europe"
"Year446",2018,"Gabapentinoids",6.68645902776948,3.70498243406158,12.0671919842351,"Australia and New Zealand"
"Year447",2018,"Gabapentinoids",0.389619475416812,0.0986795781521844,1.53834601309259,"Eastern Asia"
"Year448",2018,"Gabapentinoids",0.101377625963599,0.101136663148515,0.101619162883824,"Central Asia"
"Year449",2018,"Gabapentinoids",0.153340333284004,0.153217412908647,0.1534633522736,"South-eastern Asia"
"Year4410",2018,"Gabapentinoids",0.452589905758209,0.354118662323857,0.578443455789662,"Southern Asia"
"Year4411",2018,"Gabapentinoids",1.57226128365797,0.640351640336371,3.86038761888904,"Western Asia"
"Year4412",2018,"Gabapentinoids",1.4734058113569,0.846011783270879,2.56606908776967,"Northern Africa"
"Year4413",2018,"Gabapentinoids",0.373841889695477,0.373581148460345,0.374102812915144,"Southern Africa"
